"time","x","y"
1366067072000,-123.2653968,44.54962188
1366067074000,-123.26542599,44.54951009
1366067076000,-123.26547225,44.5492899
1366067077000,-123.26549654,44.54917343
1366067079000,-123.26554281,44.54891614
1366067080000,-123.26556555,44.54878695
1366067082000,-123.26560808,44.54851984
1366067083000,-123.26561995,44.54839196
1366067086000,-123.26565215,44.54800062
1366067089000,-123.26569247,44.54760721
1366067092000,-123.26574792,44.54722007
1366067095000,-123.26578896,44.54682917
1366067098000,-123.26582461,44.54645322
1366067101000,-123.26586197,44.54609782
1366067104000,-123.26589666,44.54579504
1366067105000,-123.26590807,44.54571401
1366067109000,-123.26593057,44.54549186
1366067111000,-123.26594982,44.54541613
1366067122000,-123.26595491,44.54535095
1366067135000,-123.26597049,44.54518109
1366067137000,-123.26599333,44.54501792
1366067139000,-123.26600236,44.54483693
1366067140000,-123.26601534,44.54473309
1366067142000,-123.26605076,44.54453012
1366067145000,-123.26608525,44.54419806
1366067148000,-123.26611214,44.54385608
1366067151000,-123.26614375,44.54348167
1366067154000,-123.26618797,44.5431001
1366067157000,-123.26622983,44.54272769
1366067160000,-123.26626606,44.5423464
1366067162000,-123.26628574,44.5420917
1366067163000,-123.26630186,44.54196771
1366067165000,-123.26632618,44.54170957
1366067166000,-123.26634178,44.54157733
1366067168000,-123.26635716,44.54131612
1366067169000,-123.26637671,44.54118596
1366067171000,-123.26640047,44.54091701
1366067172000,-123.26641868,44.54077296
1366067173000,-123.26643736,44.54063844
1366067174000,-123.26644412,44.54049204
1366067175000,-123.26646509,44.5403517
1366067176000,-123.26647582,44.5402058
1366067177000,-123.26649113,44.54005965
1366067178000,-123.26650648,44.53991332
1366067179000,-123.26651714,44.53976474
1366067180000,-123.26653307,44.53960766
1366067181000,-123.26655086,44.53946206
1366067182000,-123.26658852,44.53930491
1366067183000,-123.26659857,44.53917055
1366067184000,-123.26659745,44.53902043
1366067186000,-123.26664917,44.5387342
1366067188000,-123.26668718,44.53843455
1366067190000,-123.26672678,44.53814207
1366067192000,-123.26675634,44.5378427
1366067194000,-123.26679634,44.53754431
1366067196000,-123.26682742,44.53724028
1366067198000,-123.26685448,44.53693909
1366067200000,-123.26688895,44.53665138
1366067202000,-123.26692022,44.53634566
1366067204000,-123.26695427,44.53604737
1366067205000,-123.26696551,44.53590054
1366067206000,-123.26698494,44.53574854
1366067207000,-123.2670017,44.53559873
1366067208000,-123.26701926,44.53544296
1366067209000,-123.26703523,44.53529422
1366067210000,-123.26704312,44.53514364
1366067211000,-123.2670586,44.53499597
1366067212000,-123.26707128,44.53484068
1366067213000,-123.2670988,44.53468398
1366067214000,-123.26711722,44.53452707
1366067215000,-123.2671344,44.53438066
1366067216000,-123.26714814,44.53422102
1366067217000,-123.26715766,44.5340727
1366067218000,-123.26717965,44.53391346
1366067219000,-123.26719659,44.53377891
1366067220000,-123.26721917,44.5336297
1366067221000,-123.26723907,44.53347759
1366067222000,-123.2672618,44.53332867
1366067224000,-123.2673157,44.53303079
1366067226000,-123.26735503,44.5327368
1366067228000,-123.26738147,44.5324391
1366067230000,-123.2674151,44.5321552
1366067232000,-123.26743853,44.53187826
1366067234000,-123.26744424,44.53160656
1366067237000,-123.26746326,44.53122664
1366067240000,-123.2675081,44.53083601
1366067242000,-123.26754157,44.53056117
1366067244000,-123.26757076,44.5302729
1366067246000,-123.26761011,44.52999344
1366067248000,-123.26765207,44.52970039
1366067250000,-123.26770791,44.52941153
1366067252000,-123.26776413,44.5291118
1366067254000,-123.26779326,44.52881322
1366067256000,-123.26781256,44.52852564
1366067258000,-123.26783905,44.52821506
1366067260000,-123.26785862,44.52792227
1366067262000,-123.26787421,44.52763006
1366067264000,-123.26791075,44.52732672
1366067266000,-123.26793951,44.52700113
1366067268000,-123.26798464,44.52664881
1366067270000,-123.26800356,44.5263178
1366067272000,-123.26803836,44.52599413
1366067274000,-123.26806183,44.52570957
1366067276000,-123.26812024,44.52538351
1366067278000,-123.2681914,44.52492832
1366067280000,-123.26820723,44.52458001
1366067282000,-123.2682692,44.52418099
1366067284000,-123.26831116,44.52378889
1366067286000,-123.26832363,44.52343379
1366067287000,-123.26837467,44.52315362
1366067289000,-123.26843893,44.52270056
1366067291000,-123.26846951,44.52228757
1366067293000,-123.26850322,44.52184872
1366067295000,-123.2685453,44.52146518
1366067297000,-123.2686059,44.52103568
1366067299000,-123.26865746,44.52064332
1366067301000,-123.26868859,44.52021735
1366067303000,-123.26873203,44.51982596
1366067305000,-123.26879159,44.5194292
1366067307000,-123.26882603,44.51901272
1366067309000,-123.26885234,44.51861022
1366067311000,-123.26890242,44.51819673
1366067313000,-123.26893149,44.51780045
1366067315000,-123.26897624,44.51740318
1366067317000,-123.26902805,44.51699623
1366067319000,-123.26905345,44.51663066
1366067321000,-123.26907845,44.51621528
1366067323000,-123.26911866,44.51580423
1366067325000,-123.26916501,44.51542341
1366067327000,-123.26918917,44.51506471
1366067329000,-123.26924094,44.51466664
1366067331000,-123.26925848,44.51429637
1366067333000,-123.26928051,44.51389784
1366067335000,-123.26930765,44.51354382
1366067337000,-123.26935049,44.51318392
1366067339000,-123.26941652,44.51282517
1366067341000,-123.26941863,44.51248692
1366067343000,-123.26946991,44.51213166
1366067345000,-123.26948735,44.51178657
1366067347000,-123.26954343,44.51145848
1366067349000,-123.26955927,44.51107967
1366067351000,-123.26962467,44.5107418
1366067353000,-123.26963966,44.51041988
1366067355000,-123.2696979,44.51005794
1366067357000,-123.26971385,44.50963898
1366067359000,-123.2698249,44.509232
1366067361000,-123.26982347,44.50880905
1366067363000,-123.26987846,44.5084522
1366067366000,-123.26996621,44.5081139
1366067370000,-123.2702128,44.50787621
1366067374000,-123.27066785,44.50785883
1366067378000,-123.27111612,44.50786233
1366067381000,-123.27151837,44.50787287
1366067384000,-123.27191676,44.50788428
1366067388000,-123.27239609,44.50795795
1366067391000,-123.27284665,44.50795282
1366067394000,-123.27333535,44.50792506
1366067397000,-123.27379419,44.50793612
1366067400000,-123.27425046,44.50795839
1366067403000,-123.27467651,44.50799484
1366067406000,-123.27514714,44.50795784
1366067410000,-123.27568029,44.50797874
1366067413000,-123.27606637,44.50798024
1366067416000,-123.27650904,44.50797213
1366067419000,-123.27693933,44.50795682
1366067422000,-123.27732384,44.50798106
1366067425000,-123.27775075,44.5079768
1366067428000,-123.27822692,44.50799683
1366067431000,-123.27869918,44.50800772
1366067434000,-123.27920957,44.50800499
1366067437000,-123.2796613,44.50800863
1366067440000,-123.28016149,44.5080131
1366067442000,-123.28049185,44.50801404
1366067443000,-123.28066214,44.50800893
1366067445000,-123.28099296,44.50800161
1366067446000,-123.28118327,44.50800626
1366067447000,-123.28137336,44.50801754
1366067448000,-123.28156537,44.50799738
1366067450000,-123.28193886,44.50799524
1366067451000,-123.28211191,44.50800172
1366067453000,-123.2824819,44.50802556
1366067454000,-123.28266014,44.5080181
1366067456000,-123.2830382,44.5080026
1366067458000,-123.28342182,44.50801892
1366067461000,-123.28387671,44.50800218
1366067463000,-123.28416867,44.5080047
1366067464000,-123.28431939,44.5079849
1366067466000,-123.28458112,44.5079823
1366067467000,-123.28472501,44.50797998
1366067470000,-123.28500986,44.50801972
1366067472000,-123.28512373,44.50806444
1366067619000,-123.28529569,44.50779383
1366067622000,-123.28530725,44.50750753
1366067625000,-123.28530177,44.50718423
1366067628000,-123.28530171,44.50685807
1366067631000,-123.28530446,44.50655372
1366067634000,-123.28530304,44.50626772
1366067637000,-123.28530356,44.50598914
1366067640000,-123.28530931,44.50569692
1366067643000,-123.28531482,44.50539092
1366067646000,-123.285322,44.50507938
1366067649000,-123.28531355,44.50479598
1366067652000,-123.28520154,44.50452862
1366067656000,-123.28501689,44.50424677
1366067661000,-123.28494625,44.50395744
1366067683000,-123.28499372,44.50427312
1366067687000,-123.28518952,44.50457574
1366067690000,-123.28528259,44.50484167
1366067693000,-123.28528126,44.50515073
1366067696000,-123.28527731,44.50546418
1366067699000,-123.28528704,44.5057864
1366067702000,-123.28529865,44.50610547
1366067705000,-123.28529908,44.50641184
1366067708000,-123.28529543,44.50672686
1366067711000,-123.28529251,44.50704394
1366067714000,-123.28529733,44.50735341
1366067717000,-123.28530224,44.50763654
1366067722000,-123.28529372,44.50792583
1366067727000,-123.28571883,44.50799392
1366067730000,-123.28619153,44.50799372
1366067733000,-123.28671596,44.50800565
1366067736000,-123.28725073,44.50803753
1366067739000,-123.28779291,44.50810782
1366067741000,-123.28815997,44.50817088
1366067744000,-123.28869594,44.50828794
1366067746000,-123.2890606,44.50838101
1366067748000,-123.28942683,44.50848273
1366067750000,-123.28980364,44.508587
1366067752000,-123.29019785,44.50869271
1366067754000,-123.29060222,44.50878614
1366067756000,-123.29102174,44.50886056
1366067758000,-123.29145467,44.50893041
1366067760000,-123.29190466,44.50898019
1366067762000,-123.29235872,44.50900369
1366067764000,-123.29283125,44.50901495
1366067766000,-123.29330116,44.50901782
1366067768000,-123.29376741,44.50901577
1366067770000,-123.29422506,44.50901686
1366067772000,-123.29467811,44.50901543
1366067774000,-123.29513127,44.50901405
1366067776000,-123.29557586,44.50901132
1366067778000,-123.29601195,44.50900795
1366067780000,-123.29645616,44.50900589
1366067782000,-123.29690921,44.50900717
1366067784000,-123.29737067,44.50900886
1366067786000,-123.29784447,44.50900357
1366067788000,-123.29832146,44.50899047
1366067790000,-123.29879689,44.50895556
1366067792000,-123.2992733,44.50890909
1366067794000,-123.29974848,44.50884388
1366067796000,-123.30021398,44.50876641
1366067798000,-123.30067448,44.50867722
1366067800000,-123.30113502,44.50857236
1366067802000,-123.30159638,44.50844595
1366067804000,-123.30207027,44.50830474
1366067806000,-123.30258178,44.50813572
1366067808000,-123.30314826,44.50791338
1366067810000,-123.30374973,44.50764059
1366067812000,-123.30431989,44.50735051
1366067814000,-123.3048464,44.50705293
1366067816000,-123.3053446,44.50676578
1366067818000,-123.30581399,44.50650216
1366067820000,-123.30625349,44.50625199
1366067822000,-123.3066683,44.50601322
1366067824000,-123.30706462,44.50578766
1366067826000,-123.30744426,44.50557189
1366067828000,-123.30780813,44.5053674
1366067830000,-123.30814439,44.50517248
1366067832000,-123.30846886,44.50498766
1366067834000,-123.30877833,44.50480672
1366067836000,-123.30908201,44.50463343
1366067838000,-123.30939297,44.5044621
1366067840000,-123.30970771,44.50428902
1366067842000,-123.31001686,44.50411527
1366067844000,-123.31032783,44.50393777
1366067846000,-123.31063161,44.50376996
1366067848000,-123.3109379,44.50360237
1366067851000,-123.31138001,44.50334752
1366067853000,-123.31168026,44.50318089
1366067856000,-123.31204477,44.5028814
1366067859000,-123.31215185,44.50250446
1366067862000,-123.31215146,44.5021014
1366067864000,-123.31214819,44.5018284
1366067866000,-123.31214332,44.50154676
1366067868000,-123.31214426,44.50124999
1366067870000,-123.31213876,44.50093959
1366067872000,-123.31213674,44.50062181
1366067874000,-123.31213737,44.50029874
1366067876000,-123.31212527,44.4999698
1366067878000,-123.31211571,44.49963635
1366067880000,-123.31211154,44.49928813
1366067882000,-123.31210138,44.49892656
1366067884000,-123.3121009,44.49856209
1366067886000,-123.31209062,44.49820845
1366067888000,-123.3120978,44.49790229
1366067891000,-123.31227708,44.49763439
1366067894000,-123.31271828,44.49761876
1366067897000,-123.31329055,44.49763228
1366067899000,-123.31370836,44.49763354
1366067901000,-123.31414802,44.49763152
1366067903000,-123.31460255,44.49763276
1366067905000,-123.31505997,44.49763691
1366067907000,-123.31551041,44.49763387
1366067909000,-123.31596262,44.4976387
1366067911000,-123.31641481,44.49763617
1366067913000,-123.31687521,44.49763613
1366067915000,-123.317332,44.497639
1366067917000,-123.31776963,44.49763913
1366067919000,-123.31818072,44.49764186
1366067921000,-123.31856868,44.49764653
1366067924000,-123.31910669,44.49763959
1366067927000,-123.3195997,44.49764157
1366067930000,-123.32005304,44.49764547
1366067933000,-123.32047802,44.49764202
1366067936000,-123.32089381,44.49763714
1366067939000,-123.32128756,44.49762738
1366067942000,-123.32169112,44.49760524
1366067945000,-123.3221114,44.49758589
1366067948000,-123.3226689,44.49756664
1366067950000,-123.32309521,44.49755962
1366067952000,-123.32353485,44.49755634
1366067954000,-123.32397764,44.49755262
1366067956000,-123.32442471,44.49754913
1366067958000,-123.32487623,44.49754206
1366067960000,-123.32531351,44.49753548
1366067962000,-123.32575193,44.49753054
1366067964000,-123.32619663,44.49753003
1366067966000,-123.32664525,44.4975254
1366067968000,-123.3271001,44.49751906
1366067970000,-123.3275348,44.49752422
1366067972000,-123.32797699,44.49752104
1366067974000,-123.32842304,44.49751434
1366067976000,-123.32887203,44.49748892
1366067978000,-123.32933116,44.49742425
1366067980000,-123.32977924,44.49731612
1366067982000,-123.33021721,44.49717428
1366067984000,-123.33062848,44.49700012
1366067986000,-123.33101865,44.4968053
1366067988000,-123.33141499,44.49659677
1366067990000,-123.33180075,44.4964111
1366067992000,-123.33219052,44.49624923
1366067994000,-123.33257305,44.4961206
1366067996000,-123.33294266,44.49602226
1366067998000,-123.33333085,44.4959356
1.366068e+12,-123.33370122,44.4958669
1366068002000,-123.33409591,44.49581221
1366068004000,-123.33452815,44.49576429
1366068006000,-123.33498141,44.4957507
1366068008000,-123.33541251,44.4957569
1366068010000,-123.33582136,44.49574457
1366068012000,-123.33621712,44.49574622
1366068015000,-123.33676391,44.4957477
1366068018000,-123.33725207,44.49574924
1366068024000,-123.33764413,44.49576678
1366068038000,-123.33805979,44.49575292
1366068041000,-123.33863756,44.4957575
1366068043000,-123.33911555,44.49578052
1366068045000,-123.33962167,44.49575904
1366068047000,-123.34015956,44.49575155
1366068049000,-123.34073445,44.49575321
1366068051000,-123.34131071,44.49574274
1366068053000,-123.34188434,44.49573333
1366068055000,-123.3424513,44.49572908
1366068057000,-123.34301271,44.49573156
1366068059000,-123.34357879,44.49573283
1366068061000,-123.34414026,44.49573511
1366068063000,-123.34471566,44.49572633
1366068065000,-123.34529801,44.49572321
1366068067000,-123.3458739,44.49572308
1366068069000,-123.34644873,44.49572121
1366068071000,-123.34701798,44.49572132
1366068073000,-123.34757897,44.49572099
1366068075000,-123.3481284,44.49572455
1366068077000,-123.34867619,44.49572373
1366068079000,-123.34921667,44.495722
1366068081000,-123.34976011,44.49572271
1366068083000,-123.35030473,44.49571927
1366068085000,-123.35085844,44.49572216
1366068087000,-123.35140944,44.49572321
1366068089000,-123.35195816,44.4957255
1366068091000,-123.35250524,44.49572224
1366068093000,-123.35304311,44.49572095
1366068095000,-123.35358401,44.49572192
1366068097000,-123.35411605,44.49572092
1366068099000,-123.35465388,44.49572139
1366068101000,-123.35517871,44.49571705
1366068103000,-123.35569378,44.49571897
1366068105000,-123.35620354,44.4957182
1366068107000,-123.35670346,44.4957207
1366068109000,-123.35721153,44.49572872
1366068111000,-123.35771327,44.495729
1366068113000,-123.35822118,44.49572683
1366068115000,-123.35873183,44.49572629
1366068117000,-123.3592373,44.49572602
1366068119000,-123.35973822,44.4957229
1366068121000,-123.36019001,44.49572018
1366068123000,-123.36057744,44.49572112
1366068126000,-123.36109169,44.49571671
1366068134000,-123.3614977,44.49571878
1366068137000,-123.36188257,44.49572292
1366068140000,-123.36244944,44.49572569
1366068142000,-123.36288064,44.49572518
1366068144000,-123.36334922,44.49572734
1366068146000,-123.36384239,44.49572813
1366068148000,-123.36433142,44.49572044
1366068150000,-123.36480915,44.49571815
1366068152000,-123.36527872,44.49572398
1366068154000,-123.36573597,44.49572349
1366068156000,-123.36618142,44.49571841
1366068158000,-123.36661011,44.49571124
1366068160000,-123.36702607,44.49569437
1366068162000,-123.36743512,44.49570439
1366068164000,-123.36783667,44.49570197
1366068167000,-123.36835498,44.49570285
1366068170000,-123.36890494,44.49569931
1366068172000,-123.36931482,44.49570853
1366068174000,-123.36974171,44.49572515
1366068176000,-123.37013903,44.49571648
1366068179000,-123.37063985,44.49573908
1366068183000,-123.37101526,44.49577574
1366068196000,-123.3710185,44.49544655
1366068199000,-123.37103316,44.49516986
1366068203000,-123.3709993,44.49484082
1366068207000,-123.37099383,44.49449754
1366068211000,-123.37099542,44.49413804
1366068214000,-123.37098679,44.4938664
1366068218000,-123.37099046,44.49353589
1366068222000,-123.37097095,44.49322152
1366068227000,-123.37116214,44.49298166
1366068231000,-123.37160774,44.49295892
1366068234000,-123.37203894,44.49295105
1366068237000,-123.37244048,44.49292254
1366068240000,-123.37290311,44.49292573
1366068243000,-123.37334816,44.4929285
1366068246000,-123.37379852,44.49293191
1366068249000,-123.37424863,44.49296014
1366068252000,-123.37472623,44.49300199
1366068255000,-123.37510456,44.49296198
1366068258000,-123.37552123,44.49283076
1366068262000,-123.37578818,44.49258255
1366068266000,-123.37591054,44.4922701
1366068270000,-123.37614176,44.4920108
1366068274000,-123.37660209,44.49189583
1366068277000,-123.37698359,44.49187534
1366068280000,-123.37748763,44.49187822
1366068283000,-123.37796098,44.49188959
1366068286000,-123.37851541,44.49187377
1366068288000,-123.37892967,44.49186476
1366068291000,-123.3794427,44.49187612
1366068294000,-123.37992227,44.49186635
1366068297000,-123.38032558,44.49185687
1366068301000,-123.3807286,44.49170288
1366068304000,-123.38071413,44.4913837
1366068307000,-123.38067552,44.49099647
1366068310000,-123.38068004,44.49057532
1366068313000,-123.3806493,44.49018127
1366068316000,-123.38065822,44.48978056
1366068318000,-123.38063541,44.48950783
1366068320000,-123.38066589,44.48923621
1366068322000,-123.38065938,44.48896584
1366068325000,-123.38074567,44.48857419
1366068328000,-123.38086819,44.48820204
1366068331000,-123.38093831,44.48788967
1366068335000,-123.38105901,44.48758823
1366068340000,-123.38116212,44.48728151
1366068345000,-123.38124239,44.48695183
1366068348000,-123.38132536,44.48668034
1366068351000,-123.38137825,44.48634231
1366068354000,-123.38146762,44.48605455
1366068357000,-123.38155653,44.48576059
1366068360000,-123.38162581,44.48542873
1366068363000,-123.38174604,44.4851108
1366068366000,-123.38179848,44.48482234
1366068371000,-123.38186574,44.48451146
1366068375000,-123.38189214,44.48421064
1366068377000,-123.38188059,44.48393254
1366068379000,-123.38190531,44.48365592
1366068381000,-123.38188653,44.48337571
1366068383000,-123.38187748,44.4830756
1366068385000,-123.38187203,44.48277833
1366068387000,-123.38186665,44.48249643
1366068389000,-123.38184614,44.48219587
1366068392000,-123.3818615,44.48182025
1366068395000,-123.38182644,44.48145469
1366068398000,-123.38179821,44.48113415
1366068401000,-123.3818075,44.48081927
1366068405000,-123.38181516,44.48046998
1366068411000,-123.38182969,44.48018133
1366068417000,-123.38142443,44.48010872
1366068421000,-123.38095613,44.48013091
1366068428000,-123.38050773,44.4800933
1366068432000,-123.3801133,44.47991334
1366068435000,-123.37989449,44.47966455
1366068438000,-123.37964877,44.47934839
1366068441000,-123.37947065,44.4790258
1366068444000,-123.37929382,44.47871623
1366068447000,-123.37915566,44.47841566
1366068450000,-123.37904746,44.47807761
1366068453000,-123.37893591,44.47775348
1366068456000,-123.37881261,44.47742721
1366068459000,-123.37867368,44.47710493
1366068462000,-123.37853705,44.47679302
1366068465000,-123.37838013,44.47649308
1366068468000,-123.3781639,44.47621945
1366068471000,-123.37777489,44.47614938
1366068474000,-123.3772856,44.47615972
1366068477000,-123.37683285,44.47616998
1366068480000,-123.37645129,44.47609842
1366068484000,-123.37629116,44.47577513
1366068487000,-123.37627985,44.47542872
1366068490000,-123.37628547,44.47504225
1366068493000,-123.37627767,44.47464541
1366068495000,-123.37627707,44.47436978
1366068497000,-123.37626492,44.47408973
1366068499000,-123.37626376,44.47381736
1366068502000,-123.37624983,44.47342884
1366068505000,-123.37623088,44.47308066
1366068508000,-123.37620905,44.47278668
1366068516000,-123.37587018,44.47261112
1366068519000,-123.37535419,44.47261523
1366068521000,-123.37493552,44.47260515
1366068523000,-123.37448743,44.47259839
1366068525000,-123.37402546,44.47259374
1366068527000,-123.37355861,44.47259492
1366068529000,-123.37307001,44.47259421
1366068531000,-123.37259824,44.47259307
1366068533000,-123.37211538,44.47259249
1366068535000,-123.37162831,44.47258302
1366068537000,-123.37113823,44.47258712
1366068539000,-123.37064037,44.47258386
1366068541000,-123.3701334,44.47258829
1366068543000,-123.36962867,44.47259171
1366068544000,-123.36937022,44.47258995
1366068545000,-123.36912378,44.47259053
1366068546000,-123.36887163,44.47258985
1366068547000,-123.36863324,44.4725898
1366068548000,-123.36838715,44.47258922
1366068549000,-123.36814924,44.47259149
1366068550000,-123.36789711,44.47259082
1366068551000,-123.36766112,44.47258752
1366068552000,-123.36741742,44.47258489
1366068553000,-123.36717832,44.47258291
1366068554000,-123.36694024,44.47258034
1366068555000,-123.36670569,44.47258004
1366068556000,-123.36646746,44.47258135
1366068557000,-123.36623482,44.47258804
1366068558000,-123.36598461,44.47258309
1366068559000,-123.36574579,44.47257845
1366068560000,-123.3655338,44.47257824
1366068561000,-123.36533217,44.47257509
1366068563000,-123.36510568,44.47257815
1366068566000,-123.36489326,44.47257721
1366068568000,-123.36466218,44.47257339
1366068570000,-123.36436736,44.47257262
1366068571000,-123.36421666,44.47257419
1366068573000,-123.36390575,44.47257971
1366068574000,-123.36376444,44.47257772
1366068577000,-123.36345424,44.47257271
1366068578000,-123.3633442,44.4725741
1366068581000,-123.36294631,44.47258196
1366068585000,-123.36249621,44.47256424
1366068607000,-123.36290343,44.47254914
1366068610000,-123.36340386,44.47256104
1366068613000,-123.36390461,44.47256896
1366068616000,-123.36438534,44.47257368
1366068619000,-123.36483176,44.47258048
1366068623000,-123.36528989,44.4725982
1366068628000,-123.36541877,44.4729019
1366068631000,-123.36534492,44.47324998
1366068633000,-123.36528498,44.47351778
1366068635000,-123.36523051,44.47380926
1366068637000,-123.36517388,44.47411295
1366068639000,-123.36510765,44.47441835
1366068641000,-123.36504111,44.47474828
1366068643000,-123.36498086,44.47505715
1366068645000,-123.364906,44.47537289
1366068647000,-123.36483848,44.47569095
1366068649000,-123.36477777,44.47601283
1366068651000,-123.36471569,44.47631687
1366068653000,-123.36464285,44.4766202
1366068655000,-123.36455395,44.47692703
1366068657000,-123.36444889,44.47724018
1366068659000,-123.36425392,44.47754867
1366068661000,-123.36398455,44.4778458
1366068663000,-123.3637075,44.47812319
1366068665000,-123.36344706,44.47839477
1366068667000,-123.36323979,44.47870751
1366068669000,-123.36311147,44.47908059
1366068671000,-123.36303851,44.47948787
1366068673000,-123.36300979,44.47989029
1366068675000,-123.3629961,44.48031362
1366068677000,-123.36298102,44.48070729
1366068679000,-123.36296296,44.48108138
1366068681000,-123.36293987,44.48148094
1366068683000,-123.36292523,44.48187751
1366068685000,-123.36289383,44.48226047
1366068687000,-123.36286448,44.48268227
1366068689000,-123.3628803,44.48308152
1366068691000,-123.36285904,44.48347825
1366068693000,-123.36285033,44.48388443
1366068695000,-123.36285319,44.48424317
1366068697000,-123.36282358,44.4846135
1366068699000,-123.36283064,44.48499237
1366068701000,-123.36279845,44.48538377
1366068703000,-123.36280365,44.48574292
1366068705000,-123.36279103,44.48614027
1366068707000,-123.36275882,44.48653038
1366068709000,-123.36274116,44.48691251
1366068711000,-123.36273447,44.48730966
1366068713000,-123.36271833,44.48767209
1366068715000,-123.36271052,44.48805876
1366068717000,-123.36271529,44.48844957
1366068719000,-123.36271707,44.48885722
1366068721000,-123.36271342,44.48923657
1366068723000,-123.36272713,44.48960986
1366068725000,-123.36273137,44.48998309
1366068727000,-123.36277839,44.49034337
1366068729000,-123.36282615,44.49072404
1366068731000,-123.36285145,44.49111262
1366068733000,-123.36285707,44.49149927
1366068735000,-123.36290385,44.49187654
1366068737000,-123.36292367,44.49224925
1366068739000,-123.36294821,44.49264102
1366068741000,-123.36296194,44.49301479
1366068743000,-123.36288459,44.4934073
1366068745000,-123.36273562,44.49377256
1366068747000,-123.36253489,44.49413239
1366068749000,-123.36231906,44.49448448
1366068751000,-123.36205489,44.49482926
1366068753000,-123.36179433,44.49518322
1366068755000,-123.36157846,44.49552327
1366068757000,-123.36146593,44.49585897
1366068759000,-123.36142305,44.49621261
1366068761000,-123.36141416,44.49651894
1366068763000,-123.36141521,44.49682134
1366068765000,-123.36142282,44.49714268
1366068767000,-123.36144152,44.49748082
1366068769000,-123.36142261,44.49779811
1366068771000,-123.36141675,44.49813024
1366068773000,-123.36142061,44.49844143
1366068775000,-123.36142109,44.49876812
1366068777000,-123.36142069,44.49908708
1366068779000,-123.36143407,44.49940369
1366068781000,-123.36141717,44.49971028
1366068783000,-123.36141545,44.50001698
1366068785000,-123.36140439,44.50033155
1366068787000,-123.36140674,44.50064952
1366068789000,-123.36139215,44.50097352
1366068791000,-123.36139402,44.50129888
1366068793000,-123.36137066,44.50162203
1366068795000,-123.36137386,44.50193885
1366068797000,-123.36137358,44.50226545
1366068799000,-123.36136434,44.5026049
1366068801000,-123.36136304,44.50295191
1366068803000,-123.36137093,44.50329056
1366068805000,-123.36138476,44.50362755
1366068807000,-123.36139781,44.50397618
1366068809000,-123.36139632,44.50432095
1366068811000,-123.3613971,44.50467597
1366068813000,-123.36139774,44.50502173
1366068815000,-123.36139644,44.50536213
1366068817000,-123.36138866,44.50571724
1366068819000,-123.36138144,44.50608813
1366068821000,-123.36137998,44.50644445
1366068823000,-123.36137587,44.50681541
1366068825000,-123.36138115,44.5072001
1366068827000,-123.36139523,44.50757645
1366068829000,-123.36139261,44.507952
1366068831000,-123.36141138,44.50831719
1366068833000,-123.36140426,44.50864671
1366068835000,-123.36138473,44.50897868
1366068837000,-123.36137849,44.50930426
1366068839000,-123.36134047,44.50963618
1366068841000,-123.36135915,44.50995462
1366068843000,-123.36137026,44.51029629
1366068845000,-123.3613762,44.5106353
1366068847000,-123.36131503,44.51096782
1366068849000,-123.36113466,44.51128083
1366068851000,-123.36082954,44.51158389
1366068853000,-123.36054524,44.51189159
1366068855000,-123.36025421,44.51217325
1366068857000,-123.36001114,44.51245718
1366068859000,-123.35987299,44.51279487
1366068861000,-123.35985717,44.51313432
1366068863000,-123.3602277,44.5133997
1366068865000,-123.36056287,44.51364922
1366068867000,-123.36095109,44.51388464
1366068869000,-123.36138379,44.5141023
1366068871000,-123.3618181,44.51435051
1366068873000,-123.36222187,44.51457467
1366068875000,-123.36263918,44.51481453
1366068877000,-123.36306052,44.51504774
1366068879000,-123.36346434,44.51529273
1366068881000,-123.36387324,44.5155298
1366068883000,-123.36427573,44.51576239
1366068885000,-123.36466981,44.51598443
1366068887000,-123.36507139,44.51623301
1366068889000,-123.36546163,44.5164847
1366068891000,-123.36583731,44.51672113
1366068893000,-123.36622329,44.51694135
1366068895000,-123.36655692,44.51715792
1366068897000,-123.36683566,44.51734066
1366068900000,-123.36708619,44.51771857
1366068902000,-123.36713373,44.51805205
1366068904000,-123.36715191,44.51838168
1366068906000,-123.36716909,44.51875543
1366068908000,-123.36720218,44.51908413
1366068910000,-123.36721678,44.51943734
1366068912000,-123.36725533,44.51980132
1366068914000,-123.36728599,44.52016355
1366068916000,-123.36733928,44.52051227
1366068918000,-123.36736583,44.5208765
1366068920000,-123.36740184,44.52122961
1366068922000,-123.36744832,44.52157524
1366068924000,-123.36749248,44.52191219
1366068926000,-123.36752064,44.52228549
1366068928000,-123.367545,44.52263567
1366068930000,-123.36758798,44.52299975
1366068932000,-123.36762097,44.52337038
1366068934000,-123.36765269,44.52370824
1366068936000,-123.36771761,44.52407281
1366068938000,-123.36777188,44.52443368
1366068940000,-123.36786312,44.52480202
1366068942000,-123.36795255,44.52515584
1366068944000,-123.36805044,44.52550058
1366068946000,-123.3681332,44.52585043
1366068948000,-123.36824639,44.52621328
1366068950000,-123.36836139,44.52659395
1366068952000,-123.36848099,44.52697476
1366068954000,-123.36858801,44.52734381
1366068956000,-123.36868571,44.52768466
1366068958000,-123.36876652,44.52804732
1366068960000,-123.36887051,44.52839267
1366068962000,-123.36888905,44.52872868
1366068964000,-123.36886609,44.52904234
1366068966000,-123.3687869,44.52931052
1366068968000,-123.36864168,44.5295885
1366068970000,-123.36850086,44.52987966
1366068972000,-123.36835275,44.5301667
1366068974000,-123.36821015,44.5304506
1366068976000,-123.36813521,44.53074289
1366068978000,-123.36809417,44.5310493
1366068980000,-123.36808307,44.53135268
1366068982000,-123.36807709,44.53166551
1366068984000,-123.36806277,44.53196998
1366068986000,-123.3680463,44.53227926
1366068988000,-123.36803965,44.53259274
1366068990000,-123.36804211,44.53291313
1366068992000,-123.36801791,44.53322385
1366068994000,-123.36799434,44.53352872
1366068996000,-123.36798858,44.53383712
1366068998000,-123.36796247,44.5341586
1.366069e+12,-123.36795658,44.53448844
1366069002000,-123.36795352,44.53482638
1366069004000,-123.36793744,44.5351432
1366069006000,-123.36793308,44.53543689
1366069008000,-123.36794899,44.53572842
1366069010000,-123.36794201,44.53604456
1366069012000,-123.3679144,44.53635445
1366069014000,-123.36789605,44.53665071
1366069017000,-123.36789202,44.53706667
1366069019000,-123.36790227,44.5373534
1366069022000,-123.36791436,44.5377419
1366069025000,-123.36792139,44.53806974
1366069028000,-123.367915,44.5383973
1366069032000,-123.36787962,44.53868981
1366069059000,-123.3678659,44.5390235
1366069063000,-123.3678325,44.53929856
1366069067000,-123.36783567,44.53961652
1366069072000,-123.36780379,44.5399079
1366069077000,-123.36782765,44.54022154
1366069081000,-123.3678069,44.54055044
1366069084000,-123.36775867,44.54082702
1366069088000,-123.36769652,44.5411808
1366069092000,-123.36770418,44.54150015
1366069096000,-123.36773166,44.54183987
1366069101000,-123.36774199,44.54213937
1366069108000,-123.3681235,44.54227766
1366069112000,-123.36856158,44.5422959
1366069117000,-123.36896913,44.54231307
1366069126000,-123.36936627,44.5423194
1366069130000,-123.36978548,44.54234806
1366069134000,-123.37020903,44.54234748
1366069138000,-123.37065816,44.54234615
1366069142000,-123.37108325,44.54235983
1366069147000,-123.37146003,44.54237851
1366069151000,-123.37183894,44.54239259
1366069154000,-123.37223681,44.54240624
1366069157000,-123.37262286,44.54242518
1366069160000,-123.37303438,44.5424402
1366069164000,-123.37351583,44.54245531
1366069172000,-123.37383987,44.54227731
1366069175000,-123.37383196,44.54195434
1366069178000,-123.37383654,44.5416236
1366069184000,-123.37384348,44.5413155
1366069188000,-123.37387057,44.54098763
1366069191000,-123.37389542,44.54063022
1366069197000,-123.37390416,44.54036024
1366069203000,-123.37393021,44.54002603
1366069206000,-123.37396232,44.53973402
1366069209000,-123.37397401,44.53944478
1366069217000,-123.37374496,44.53919767
1366069220000,-123.37329827,44.53918978
1366069223000,-123.37275801,44.53914873
1366069225000,-123.37237788,44.53916578
1366069228000,-123.37181974,44.53916483
1366069231000,-123.37129244,44.53915226
1366069234000,-123.37076351,44.53913647
1366069237000,-123.37022045,44.53912019
1366069240000,-123.36967466,44.53910229
1366069243000,-123.36913869,44.5390945
1366069246000,-123.36864067,44.53908554
1366069251000,-123.36820487,44.53909592
1366069264000,-123.36781846,44.53910652
1366069268000,-123.36729566,44.539101
1366069271000,-123.36681229,44.53908135
1366069274000,-123.36633677,44.53907648
1366069277000,-123.36586587,44.53909134
1366069280000,-123.36543583,44.53918949
1366069283000,-123.36507294,44.53938391
1366069286000,-123.36484442,44.53965598
1366069289000,-123.36453922,44.53989085
1366069292000,-123.36407934,44.5400364
1366069295000,-123.36354648,44.54002754
1366069298000,-123.36299412,44.54000902
1366069301000,-123.36244989,44.53999501
1366069304000,-123.36192411,44.53996992
1366069307000,-123.36140626,44.53996283
1366069310000,-123.36089448,44.53995435
1366069313000,-123.3604195,44.53995083
1366069316000,-123.35993781,44.53993368
1366069319000,-123.35945167,44.5399286
1366069322000,-123.35896432,44.53992065
1366069325000,-123.35844079,44.53991354
1366069327000,-123.3580599,44.53991998
1366069329000,-123.3576619,44.53994369
1366069331000,-123.35726352,44.53997553
1366069333000,-123.35683844,44.54001482
1366069335000,-123.35641025,44.54007779
1366069337000,-123.35601564,44.54013913
1366069339000,-123.35559222,44.54020833
1366069341000,-123.35516143,44.54027658
1366069343000,-123.35472893,44.54036935
1366069345000,-123.3542955,44.54044764
1366069347000,-123.35387838,44.54052771
1366069349000,-123.35345842,44.54060082
1366069351000,-123.35302709,44.54067578
1366069353000,-123.35260504,44.5407514
1366069355000,-123.35216942,44.54082992
1366069357000,-123.35174408,44.540909
1366069359000,-123.35131936,44.54098493
1366069361000,-123.35089852,44.54106325
1366069363000,-123.35046616,44.54113647
1366069365000,-123.35003257,44.541214
1366069367000,-123.34959196,44.54129491
1366069369000,-123.34914326,44.54136874
1366069371000,-123.3486948,44.54145045
1366069373000,-123.34825091,44.54153397
1366069375000,-123.34780619,44.54161201
1366069377000,-123.34737654,44.54169485
1366069379000,-123.34693627,44.54177226
1366069381000,-123.3465053,44.54184768
1366069383000,-123.34605872,44.54193055
1366069385000,-123.34560894,44.54200864
1366069387000,-123.34515577,44.54207941
1366069389000,-123.34469986,44.54215613
1366069391000,-123.34425035,44.54223638
1366069393000,-123.34379305,44.54232516
1366069395000,-123.34332858,44.54241009
1366069397000,-123.34286511,44.54248899
1366069399000,-123.34240605,44.54258027
1366069401000,-123.34191071,44.54265805
1366069403000,-123.34144605,44.54273822
1366069405000,-123.34097164,44.54281773
1366069407000,-123.34049089,44.54291136
1366069409000,-123.34001549,44.54299275
1366069411000,-123.33954619,44.54306487
1366069413000,-123.33907374,44.54313308
1366069415000,-123.33862872,44.54320893
1366069417000,-123.3381779,44.54329137
1366069419000,-123.33772016,44.54337602
1366069421000,-123.33727489,44.54344441
1366069423000,-123.33682816,44.54350219
1366069425000,-123.33638509,44.54358552
1366069427000,-123.33593829,44.54367072
1366069429000,-123.33546824,44.54376649
1366069431000,-123.33497755,44.54385456
1366069433000,-123.33448343,44.54396112
1366069435000,-123.33397749,44.5440744
1366069437000,-123.33345742,44.54420844
1366069439000,-123.33292713,44.54436008
1366069441000,-123.33239796,44.54451878
1366069443000,-123.33186398,44.5446863
1366069445000,-123.33134261,44.54485311
1366069447000,-123.33082993,44.54504215
1366069449000,-123.33032629,44.54519326
1366069451000,-123.32982344,44.5453518
1366069453000,-123.3293095,44.5454894
1366069455000,-123.32881378,44.54564453
1366069457000,-123.32829921,44.54578852
1366069459000,-123.3277828,44.54594657
1366069461000,-123.32727762,44.54610511
1366069463000,-123.32676085,44.5462653
1366069465000,-123.32627765,44.54643078
1366069467000,-123.32576999,44.546576
1366069469000,-123.32528599,44.54674234
1366069471000,-123.32478965,44.54691086
1366069473000,-123.32427832,44.54705935
1366069475000,-123.32378277,44.54721833
1366069477000,-123.32329791,44.54736043
1366069479000,-123.32280469,44.54751419
1366069481000,-123.32229631,44.54766825
1366069483000,-123.32179702,44.54780808
1366069485000,-123.32131495,44.54794972
1366069487000,-123.32086643,44.54807246
1366069489000,-123.32040346,44.54822164
1366069491000,-123.31993765,44.54839123
1366069493000,-123.31949408,44.54851594
1366069495000,-123.31899274,44.548659
1366069497000,-123.31853074,44.54880099
1366069499000,-123.31804481,44.54893515
1366069501000,-123.31758997,44.54910401
1366069503000,-123.31710916,44.5492607
1366069505000,-123.31663671,44.54940898
1366069507000,-123.31611987,44.54955905
1366069509000,-123.31563779,44.54970864
1366069511000,-123.31515491,44.54985207
1366069513000,-123.314689,44.54999476
1366069515000,-123.31421445,44.55015187
1366069517000,-123.31372962,44.5502831
1366069519000,-123.31330758,44.55041177
1366069521000,-123.31292017,44.55052758
1366069524000,-123.31251354,44.55066436
1366069585000,-123.31208603,44.55077669
1366069588000,-123.31161638,44.55094352
1366069590000,-123.3112482,44.55105947
1366069592000,-123.31086419,44.55119654
1366069594000,-123.31046132,44.5513475
1366069596000,-123.31005278,44.55148959
1366069598000,-123.30961361,44.55159178
1366069600000,-123.30920571,44.55172635
1366069602000,-123.30874104,44.55184633
1366069604000,-123.30829359,44.55198769
1366069606000,-123.30787319,44.5520999
1366069608000,-123.3074458,44.5522332
1366069610000,-123.30706032,44.55234182
1366069612000,-123.30672195,44.55247608
1366069614000,-123.30631133,44.55258632
1366069616000,-123.30591744,44.55270406
1366069618000,-123.30552757,44.55283411
1366069620000,-123.3051465,44.55296585
1366069622000,-123.30474396,44.55309861
1366069624000,-123.30434769,44.55324569
1366069626000,-123.30394705,44.55338725
1366069628000,-123.30354834,44.55350028
1366069630000,-123.30313005,44.55361894
1366069632000,-123.30266868,44.55374065
1366069634000,-123.30221645,44.55388066
1366069636000,-123.30173418,44.55401417
1366069638000,-123.30124558,44.55413817
1366069640000,-123.30079325,44.55427585
1366069642000,-123.30029551,44.55437196
1366069644000,-123.2997996,44.55448399
1366069646000,-123.29932269,44.55452997
1366069648000,-123.29879777,44.55454446
1366069650000,-123.29830041,44.55457205
1366069652000,-123.29779975,44.55457596
1366069654000,-123.29729846,44.55460096
1366069656000,-123.29679836,44.55459604
1366069658000,-123.29626802,44.55456638
1366069660000,-123.29575394,44.55454353
1366069662000,-123.2952318,44.55451849
1366069664000,-123.29473383,44.55452178
1366069666000,-123.29423418,44.55451254
1366069668000,-123.29371862,44.55453089
1366069670000,-123.29321517,44.55453169
1366069672000,-123.29275561,44.55451971
1366069674000,-123.29231079,44.55451182
1366069676000,-123.29187739,44.55450104
1366069678000,-123.29145284,44.55450805
1366069680000,-123.29105513,44.55449366
1366069683000,-123.29059146,44.55449023
1366069687000,-123.29019322,44.55448379
1366069692000,-123.28978738,44.55447773
1366069696000,-123.28929609,44.55448625
1366069699000,-123.28874549,44.55450926
1366069701000,-123.28834391,44.55450056
1366069703000,-123.28790724,44.55449707
1366069705000,-123.28741355,44.55450849
1366069707000,-123.28693096,44.5545087
1366069709000,-123.28646726,44.55452037
1366069711000,-123.2860079,44.5545304
1366069713000,-123.28554007,44.5545346
1366069715000,-123.28508315,44.55454316
1366069717000,-123.28462741,44.55455558
1366069719000,-123.28417334,44.5545515
1366069721000,-123.28374206,44.55455117
1366069723000,-123.28333752,44.55453237
1366069726000,-123.28278619,44.55453389
1366069729000,-123.28236548,44.55452196
1366069733000,-123.28188959,44.55453161
1366069737000,-123.28146483,44.55453568
1366069740000,-123.28109348,44.55459914
1366069743000,-123.28066717,44.55469201
1366069746000,-123.28020148,44.5548682
1366069749000,-123.27971168,44.55503849
1366069751000,-123.2793803,44.55518461
1366069754000,-123.27896031,44.55543667
1366069756000,-123.27862816,44.55556901
1366069759000,-123.27821949,44.55573975
1366069762000,-123.27783296,44.55592006
1366069765000,-123.27745719,44.55609727
1366069768000,-123.27714064,44.55625404
1366069772000,-123.2767167,44.55644134
1366069775000,-123.27634067,44.55656543
1366069778000,-123.27596722,44.55669426
1366069781000,-123.27549069,44.55678284
1366069784000,-123.27496926,44.55689358
1366069786000,-123.27458313,44.5569124
1366069788000,-123.27419125,44.55689802
1366069790000,-123.27377744,44.5568866
1366069792000,-123.2733415,44.55686836
1366069794000,-123.27290315,44.55682259
1366069796000,-123.27243825,44.55675093
1366069798000,-123.2720012,44.55668193
1366069800000,-123.27155253,44.55660638
1366069802000,-123.27110968,44.55655408
1366069804000,-123.27065104,44.55648773
1366069806000,-123.27018728,44.55641826
1366069808000,-123.26972832,44.55634392
1366069810000,-123.26928058,44.55627108
1366069811000,-123.26906268,44.55623613
1366069812000,-123.26882152,44.55624357
1366069813000,-123.26860188,44.55623933
1366069814000,-123.26834039,44.55622165
1366069815000,-123.26811121,44.5562004
1366069816000,-123.26788139,44.55618992
1366069817000,-123.26767505,44.55619525
1366069818000,-123.26745099,44.55621678
1366069819000,-123.26722733,44.55625385
1366069820000,-123.26699088,44.5562802
1366069821000,-123.26677956,44.55633282
1366069822000,-123.26654448,44.55639357
1366069823000,-123.26631436,44.55645412
1366069824000,-123.26606874,44.55652551
1366069825000,-123.26583708,44.55660041
1366069826000,-123.26558672,44.55669278
1366069827000,-123.26534835,44.55678462
1366069828000,-123.26510338,44.55687513
1366069829000,-123.26486778,44.55696448
1366069830000,-123.26462215,44.55704933
1366069831000,-123.26437856,44.55713732
1366069832000,-123.26413268,44.55721805
1366069833000,-123.26388708,44.55730522
1366069834000,-123.26362142,44.55739124
1366069836000,-123.26309051,44.55753223
1366069838000,-123.26252542,44.55763486
1366069840000,-123.26195273,44.55772093
1366069842000,-123.26139849,44.55781796
1366069844000,-123.26085362,44.55789672
1366069846000,-123.26032307,44.55798129
1366069848000,-123.25980237,44.55806619
1366069850000,-123.25928996,44.55815663
1366069851000,-123.25903973,44.55821426
1366069852000,-123.2587808,44.55828566
1366069853000,-123.2585309,44.55835269
1366069854000,-123.25827879,44.55842939
1366069855000,-123.25802216,44.55851736
1366069856000,-123.25776741,44.55860888
1366069857000,-123.2575384,44.55870622
1366069858000,-123.25731551,44.55882039
1366069859000,-123.25711364,44.55896099
1366069860000,-123.25693392,44.55911406
1366069861000,-123.2567741,44.55926982
1366069862000,-123.25662538,44.55943741
1366069863000,-123.25648197,44.55960931
1366069864000,-123.25633859,44.55978067
1366069865000,-123.25618547,44.55994987
1366069866000,-123.25603755,44.56012754
1366069867000,-123.25591114,44.56029996
1366069868000,-123.25578258,44.56046913
1366069869000,-123.25564317,44.56063656
1366069870000,-123.25547978,44.56081952
1366069871000,-123.25535444,44.56098902
1366069872000,-123.2552067,44.56116703
1366069873000,-123.25505769,44.56132321
1366069874000,-123.25491742,44.56147616
1366069875000,-123.2547614,44.56163734
1366069876000,-123.25461235,44.56179536
1366069877000,-123.25447106,44.56194753
1366069878000,-123.25432341,44.56210449
1366069879000,-123.25418716,44.56224661
1366069880000,-123.25404152,44.56239059
1366069881000,-123.25390358,44.56253388
1366069882000,-123.25376721,44.56268813
1366069883000,-123.25363454,44.56284177
1366069884000,-123.25349972,44.56299846
1366069885000,-123.25337634,44.56313844
1366069886000,-123.25326474,44.56329604
1366069887000,-123.25316373,44.56343593
1366069888000,-123.25306593,44.56358197
1366069889000,-123.25296928,44.56371839
1366069890000,-123.25287633,44.56383955
1366069891000,-123.2527811,44.56396021
1366069892000,-123.2527006,44.56409962
1366069894000,-123.25251666,44.5642821
1366069895000,-123.252464,44.56436555
1366069898000,-123.2523231,44.56453533
1366069915000,-123.25225519,44.5645614
1366069929000,-123.25228097,44.56463903
1366069931000,-123.2524103,44.56476912
1366069933000,-123.25265286,44.56484287
1366069934000,-123.25280326,44.5648831
1366069936000,-123.253176,44.56495496
1366069938000,-123.25360282,44.56504142
1366069940000,-123.25401679,44.56515583
1366069942000,-123.25443631,44.56532004
1366069944000,-123.25480816,44.56548473
1366069946000,-123.25519484,44.56566755
1366069948000,-123.25551553,44.56583166
1366069951000,-123.25596529,44.56603905
1366069954000,-123.25639336,44.56622896
1366069955000,-123.25652885,44.56629939
1366069957000,-123.25678678,44.56643649
1366069958000,-123.2569142,44.56649582
1366069960000,-123.25715173,44.56660402
1366069961000,-123.25726289,44.566648
1366069964000,-123.25752143,44.56675673
1366069966000,-123.25760653,44.56680001
1366069971000,-123.25767378,44.56679999
1366069980000,-123.25787237,44.56687549
1366069983000,-123.25801719,44.56693186
1366069986000,-123.25822182,44.56700321
1366069988000,-123.25837141,44.56703318
1366069991000,-123.25860196,44.56707244
1366069993000,-123.25878758,44.56710355
1366069994000,-123.25887093,44.56712097
1366069996000,-123.25904221,44.56717036
1366069998000,-123.25922649,44.56721374
1.36607e+12,-123.25940227,44.56725654
1366070002000,-123.25958777,44.56731148
1366070004000,-123.25976646,44.56736335
1366070007000,-123.26003077,44.56743253
1366070008000,-123.26012839,44.56745472
1366070011000,-123.26038022,44.56751068
1366070014000,-123.26055354,44.56742884
1366070016000,-123.26063004,44.56728882
1366070018000,-123.26068524,44.56711308
1366070020000,-123.26074998,44.56695316
1366070022000,-123.2608089,44.56678942
1366070024000,-123.26089009,44.56659957
1366070025000,-123.26093937,44.56650242
1366070027000,-123.26102979,44.56631785
1366070028000,-123.26107432,44.56621301
1366070030000,-123.26117094,44.56601462
1366070031000,-123.26120647,44.5659277
1366070033000,-123.26127949,44.56572113
1366070034000,-123.26134965,44.565611
1366070035000,-123.26140875,44.56550587
1366070037000,-123.26153761,44.56528539
1366070038000,-123.2615853,44.56518097
1366070040000,-123.26170963,44.56499887
1366070041000,-123.26177122,44.56490562
1366070043000,-123.26189227,44.56471824
1366070044000,-123.26193688,44.56462046
1366070046000,-123.26203489,44.56443367
1366070047000,-123.2620959,44.56432723
1366070049000,-123.26224802,44.56409988
1366070050000,-123.26222823,44.56401989
1366070051000,-123.26222969,44.56394001
1366070053000,-123.26235411,44.56373793
1366070054000,-123.26240754,44.56363945
1366070057000,-123.26253763,44.56341107
1366070058000,-123.26260672,44.5633341
1366070060000,-123.26270288,44.56315453
1366070061000,-123.26274507,44.56306436
1366070064000,-123.26287169,44.56281372
1366070065000,-123.26293765,44.56273657
1366070067000,-123.2630292,44.56252632
1366070068000,-123.26310572,44.56240685
1366070070000,-123.26322777,44.56217996
1366070071000,-123.26326892,44.56206816
1366070073000,-123.26338999,44.56184057
1366070074000,-123.26344102,44.56173574
1366070076000,-123.2635509,44.56152058
1366070079000,-123.26372206,44.56116824
1366070082000,-123.26387451,44.56086544
1366070085000,-123.26401468,44.56056363
1366070088000,-123.26418536,44.56026245
1366070091000,-123.26433945,44.55997664
1366070092000,-123.2643915,44.55987913
1366070094000,-123.26446575,44.55970194
1366070095000,-123.26451613,44.55958902
1366070097000,-123.26459456,44.55937425
1366070098000,-123.26461077,44.55926399
1366070100000,-123.26473225,44.55909383
1366070101000,-123.26478695,44.55898226
1366070103000,-123.26492466,44.5587611
1366070104000,-123.26497928,44.55865923
1366070106000,-123.26509293,44.55842729
1366070107000,-123.26514855,44.55831671
1366070109000,-123.26525712,44.55809135
1366070110000,-123.26531496,44.55798363
1366070112000,-123.26543232,44.55779935
1366070113000,-123.26549013,44.55770322
1366070115000,-123.26558955,44.55749812
1366070116000,-123.26565084,44.55737409
1366070118000,-123.26575958,44.55717786
1366070119000,-123.26581655,44.55705329
1366070120000,-123.26585019,44.55690699
1366070122000,-123.26593923,44.55666239
1366070123000,-123.26597135,44.55657634
1366070125000,-123.2659601,44.55632352
1366070126000,-123.26592714,44.5561932
1366070128000,-123.26582439,44.55597695
1366070129000,-123.26572437,44.55584709
1366070130000,-123.26563835,44.55571634
1366070132000,-123.26541291,44.55553334
1366070135000,-123.26510286,44.55524448
1366070138000,-123.26490101,44.55490589
1366070141000,-123.26489186,44.55455867
1366070144000,-123.26493487,44.55421581
1366070147000,-123.26497802,44.55394571
1366070151000,-123.26498909,44.55366594
1366070155000,-123.26505023,44.55331664
1366070156000,-123.2650603,44.55321268
1366070158000,-123.26509157,44.55301434
1366070159000,-123.26510354,44.55290039
1366070161000,-123.26512899,44.55267696
1366070162000,-123.26515485,44.55256558
1366070164000,-123.26518503,44.55234615
1366070165000,-123.26518099,44.55223245
1366070167000,-123.26519534,44.55199671
1366070168000,-123.26520451,44.55187375
1366070170000,-123.2652246,44.55161241
1366070171000,-123.2652252,44.55150293
1366070172000,-123.26522555,44.55136002
1366070173000,-123.26523907,44.55123375
1366070174000,-123.26525674,44.55109084
1366070175000,-123.26527545,44.5509604
1366070177000,-123.26531051,44.55068985
1366070180000,-123.26534583,44.55030138
1366070183000,-123.26537778,44.55000365
1366070188000,-123.26497946,44.5498342
1366070192000,-123.26450003,44.54982978
1366070195000,-123.26414419,44.54980376
